{"trustworthiness": 0.5078305437738165}
{"modularity": 0.7774786876934389}
{"silhouette score":0.47224551}
{"ch score:":18842.9633234929}
{"trustworthiness": 0.5078951546687267}
{"modularity": 0.7710100668335517}
{"silhouette score":0.471525674}
{"ch score:":18319.2045181377}
{"trustworthiness": 0.510792552321448}
{"modularity": 0.7774143197177648}
{"silhouette score":0.4684429859}
{"ch score:":18413.7296194508}
{"trustworthiness": 0.5115736743316799}
{"modularity": 0.7793583679379936}
{"silhouette score":0.4732821779}
{"ch score:":19083.1085941741}
{"trustworthiness": 0.5063784973722962}
{"modularity": 0.7997801315131119}
{"silhouette score":0.5058380196}
{"ch score:":24235.339896729}
