{"trustworthiness": 0.5271151917898518}
{"modularity": 0.7196455860973128}
{"silhouette score":0.4459522851}
{"ch score:":7095.8511476473}
{"trustworthiness": 0.5282056066182785}
{"modularity": 0.7447244282395579}
{"silhouette score":0.4571130184}
{"ch score:":6989.7377288746}
