{"trustworthiness": 0.9666524087380827}
{"modularity": 0.0239166656297483}
{"silhouette score":0.4709427368}
{"ch score:":18593.8221035756}
