country,label_name,tfidf,pmi
3,approach,0.016301410765791776,0.04705670041086123
0,part,0.014212021942894356,0.04248465800762631
4,idea,0.011380615671383078,0.029321421713734995
6,introduce,0.010262198687364759,0.025920594255533478
2,steam,0.010224935602424297,0.02529316952453855
5,electricity,0.009982618096403245,0.024600264567662587
1,space,0.008862755874901103,0.02248364087050237
