{"trustworthiness": 0.5078305437738165}
{"modularity": 0.7774786876934389}
{"silhouette score":0.47224551}
{"ch score:":18842.9633234929}
