{"trustworthiness": 0.5148297337908732}
{"modularity": 0.7887282604306023}
{"silhouette score":0.3666244078}
{"ch score:":650.194907641}
