country,label_name,tfidf,pmi
4,new york,0.015143675713012766,0.043882832230239345
6,preparation,0.013698093200331784,0.03526592329632331
5,version,0.012907135975824359,0.036285857973232125
0,start,0.012539628671155417,0.03325017770553853
3,early,0.011274229267517144,0.02699397915230287
2,greek,0.01095609059866557,0.027928439508108475
1,sea,0.009984111530628524,0.022909609452828092
