country,label_name,tfidf,pmi
2,lead,0.014366247077176608,0.04577844050716679
3,home,0.012038647167603528,0.029505083742740884
6,range,0.01174438347124099,0.02916516438090285
4,run,0.010976795951121608,0.02878835252336049
0,bottle,0.010665329463401518,0.02691169343408327
1,juice,0.008743795227696681,0.020158333095626386
5,white,0.00866965720097545,0.02303347355969528
