{"trustworthiness": 0.9518935441372112}
{"modularity": 0.030787163712454158}
{"silhouette score":0.4592054208}
{"ch score:":19445.9562936626}
