{"trustworthiness": 0.9518935441372112}
{"modularity": 0.030787163712454158}
{"silhouette score":0.4592054208}
{"ch score:":19445.9562936626}
{"trustworthiness": 0.9507330817788463}
{"modularity": 0.031367679660344656}
{"silhouette score":0.4592054208}
{"ch score:":19445.9562936626}
{"trustworthiness": 0.9499512225928903}
{"modularity": 0.02995990821669653}
{"silhouette score":0.459306177}
{"ch score:":19472.4409437101}
{"trustworthiness": 0.9498646690344139}
{"modularity": 0.03062853613878917}
{"silhouette score":0.4595463296}
{"ch score:":19391.0730078177}
{"trustworthiness": 0.9491091579455002}
{"modularity": 0.029956223023806853}
{"silhouette score":0.4587607506}
{"ch score:":19179.3130134604}
{"trustworthiness": 0.9496759822769352}
{"modularity": 0.0316598214175117}
{"silhouette score":0.4591452682}
{"ch score:":19250.0752074026}
{"trustworthiness": 0.9497921290828604}
{"modularity": 0.02831661625178106}
{"silhouette score":0.4654952085}
{"ch score:":19552.01625509}
