{"trustworthiness": 0.9442026242129513}
{"modularity": 0.07095427277381423}
{"silhouette score":0.470417827}
{"ch score:":8410.5638125083}
{"trustworthiness": 0.9449372331681946}
{"modularity": 0.07060457698706939}
{"silhouette score":0.470417827}
{"ch score:":8410.5638125083}
{"trustworthiness": 0.9454970488723232}
{"modularity": 0.07478870512404516}
{"silhouette score":0.4648177135}
{"ch score:":7484.2345807929}
{"trustworthiness": 0.946122963472405}
{"modularity": 0.06373326900771058}
{"silhouette score":0.4406565522}
{"ch score:":8606.0444384019}
{"trustworthiness": 0.9465660574937453}
{"modularity": 0.07392055632342713}
{"silhouette score":0.4614167463}
{"ch score:":7886.6361821372}
{"trustworthiness": 0.9466161017344452}
{"modularity": 0.06203215144362802}
{"silhouette score":0.4771081809}
{"ch score:":7553.9786200126}
{"trustworthiness": 0.9409233221670913}
{"modularity": 0.04478786287120698}
{"silhouette score":0.4776430956}
{"ch score:":8594.2307752124}
