country,label_name,tfidf,pmi
0,india,0.1378356610970776,1.1149716281099957
5,united states,0.04019399784323229,0.152177536168934
3,advertising,0.03769317662520205,0.16033133660407778
6,the new york times,0.03183029411791708,0.11113680154142581
4,sony,0.0251123294929264,0.18984470841686366
1,newspaper,0.022960800736563054,0.09161808853662023
2,film,0.019586136673114873,0.0899282818833801
