{"trustworthiness": 0.9666524087380827}
{"modularity": 0.0239166656297483}
{"silhouette score":0.4709427368}
{"ch score:":18593.8221035756}
{"trustworthiness": 0.967043105779773}
{"modularity": 0.02716880838092539}
{"silhouette score":0.4709427368}
{"ch score:":18593.8221035756}
{"trustworthiness": 0.967796230167406}
{"modularity": 0.029052451612264264}
{"silhouette score":0.4696867512}
{"ch score:":18220.3000984311}
{"trustworthiness": 0.965055443001485}
{"modularity": 0.026337892017036003}
{"silhouette score":0.4694698225}
{"ch score:":18247.9551583662}
{"trustworthiness": 0.9664538730746371}
{"modularity": 0.02888948923405074}
{"silhouette score":0.468028132}
{"ch score:":18334.1519731028}
{"trustworthiness": 0.9679407657887449}
{"modularity": 0.028250518879057496}
{"silhouette score":0.4690706041}
{"ch score:":18440.7397313484}
{"trustworthiness": 0.9644177445071961}
{"modularity": 0.02192081003879324}
{"silhouette score":0.5076888006}
{"ch score:":24566.5867596112}
