{"trustworthiness": 0.9666524087380827}
{"modularity": 0.0239166656297483}
{"silhouette score":0.4709427368}
{"ch score:":18593.8221035756}
{"trustworthiness": 0.967043105779773}
{"modularity": 0.02716880838092539}
{"silhouette score":0.4709427368}
{"ch score:":18593.8221035756}
{"trustworthiness": 0.967796230167406}
{"modularity": 0.029052451612264264}
{"silhouette score":0.4696867512}
{"ch score:":18220.3000984311}
