country,label_name,tfidf,pmi
0,newspapers,0.014388047456553641,0.044296643392954804
1,russian,0.007809896887807323,0.040906462906949645
6,channel,0.006934416458260948,0.01770128735078382
3,award,0.006790458454833335,0.01918930357001958
5,uses,0.0060256168249531936,0.02371387716091393
4,television,0.005861425546673656,0.021163396100635827
2,information,0.004144123643434945,0.012068358899791966
