{"trustworthiness": 0.5271151917898518}
{"modularity": 0.7196455860973128}
{"silhouette score":0.4459522851}
{"ch score:":7095.8511476473}
{"trustworthiness": 0.5271151917898518}
{"modularity": 0.7196455860973128}
{"silhouette score":0.4459522851}
{"ch score:":7095.8511476473}
