{"trustworthiness": 0.5043397416991108}
{"modularity": 0.7765759347719102}
{"silhouette score":0.4633354031}
{"ch score:":19756.5472672336}
{"trustworthiness": 0.5060542423390997}
{"modularity": 0.7789739817784075}
{"silhouette score":0.4633262347}
{"ch score:":19774.4330806458}
