{"trustworthiness": 0.9259237341520415}
{"modularity": 0.036550773293899094}
{"silhouette score":0.5104797668}
{"ch score:":13827.774605104}
