{"trustworthiness": 0.9214285980613801}
{"modularity": 0.034124880634699865}
{"silhouette score":0.3759869547}
{"ch score:":555.9653835916}
