{"trustworthiness": 0.9259237341520415}
{"modularity": 0.036550773293899094}
{"silhouette score":0.5104797668}
{"ch score:":13827.774605104}
{"trustworthiness": 0.9252180337244127}
{"modularity": 0.039377941577383155}
{"silhouette score":0.5104797668}
{"ch score:":13827.774605104}
{"trustworthiness": 0.9244920967142025}
{"modularity": 0.035510517140676934}
{"silhouette score":0.5113794725}
{"ch score:":14411.8735815795}
{"trustworthiness": 0.9246774240362227}
{"modularity": 0.037038883297619944}
{"silhouette score":0.5124955274}
{"ch score:":13897.5722874742}
{"trustworthiness": 0.9281348697011328}
{"modularity": 0.03912882094174604}
{"silhouette score":0.5121359872}
{"ch score:":13792.3099730143}
{"trustworthiness": 0.9261398597790262}
{"modularity": 0.03791008458083716}
{"silhouette score":0.5098401204}
{"ch score:":13917.0517818233}
{"trustworthiness": 0.9223000877912899}
{"modularity": 0.037645326380680674}
{"silhouette score":0.5017375805}
{"ch score:":13052.700428514}
