{"trustworthiness": 0.9259237341520415}
{"modularity": 0.036550773293899094}
{"silhouette score":0.5104797668}
{"ch score:":13827.774605104}
{"trustworthiness": 0.9252180337244127}
{"modularity": 0.039377941577383155}
{"silhouette score":0.5104797668}
{"ch score:":13827.774605104}
{"trustworthiness": 0.9244920967142025}
{"modularity": 0.035510517140676934}
{"silhouette score":0.5113794725}
{"ch score:":14411.8735815795}
