{"trustworthiness": 0.5271151917898518}
{"modularity": 0.7196455860973128}
{"silhouette score":0.4459522851}
{"ch score:":7095.8511476473}
{"trustworthiness": 0.5282056066182785}
{"modularity": 0.7447244282395579}
{"silhouette score":0.4571130184}
{"ch score:":6989.7377288746}
{"trustworthiness": 0.5259920891047831}
{"modularity": 0.7224328373758875}
{"silhouette score":0.424514588}
{"ch score:":6622.8162266669}
{"trustworthiness": 0.5303219283810507}
{"modularity": 0.7362250109929449}
{"silhouette score":0.4692258574}
{"ch score:":7146.1230103627}
{"trustworthiness": 0.5130060194150858}
{"modularity": 0.768574201435545}
{"silhouette score":0.4901878533}
{"ch score:":8960.1551259527}
