{"trustworthiness": 0.5072463090408343}
{"modularity": 0.807783113815413}
{"silhouette score":0.5087508739}
{"ch score:":13994.7498095894}
{"trustworthiness": 0.5072463090408343}
{"modularity": 0.807783113815413}
{"silhouette score":0.5087508739}
{"ch score:":13994.7498095894}
