{"trustworthiness": 0.5072463090408343}
{"modularity": 0.807783113815413}
{"silhouette score":0.5087508739}
{"ch score:":13994.7498095894}
{"trustworthiness": 0.5072463090408343}
{"modularity": 0.807783113815413}
{"silhouette score":0.5087508739}
{"ch score:":13994.7498095894}
{"trustworthiness": 0.5109984616972285}
{"modularity": 0.8097341642983363}
{"silhouette score":0.5095099896}
{"ch score:":14092.1561536805}
{"trustworthiness": 0.5100182102368621}
{"modularity": 0.8082048474247082}
{"silhouette score":0.5110464818}
{"ch score:":13807.0300557573}
{"trustworthiness": 0.5122061798707009}
{"modularity": 0.8093564444308053}
{"silhouette score":0.5121558974}
{"ch score:":13889.2958345188}
{"trustworthiness": 0.5091328611526109}
{"modularity": 0.80762812146178}
{"silhouette score":0.5041878458}
{"ch score:":12989.2100465564}
