{"trustworthiness": 0.5043397416991108}
{"modularity": 0.7765759347719102}
{"silhouette score":0.4633354031}
{"ch score:":19756.5472672336}
