{"trustworthiness": 0.9442026242129513}
{"modularity": 0.07095427277381423}
{"silhouette score":0.470417827}
{"ch score:":8410.5638125083}
{"trustworthiness": 0.9449372331681946}
{"modularity": 0.07060457698706939}
{"silhouette score":0.470417827}
{"ch score:":8410.5638125083}
{"trustworthiness": 0.9454970488723232}
{"modularity": 0.07478870512404516}
{"silhouette score":0.4648177135}
{"ch score:":7484.2345807929}
