{"trustworthiness": 0.9442026242129513}
{"modularity": 0.07095427277381423}
{"silhouette score":0.470417827}
{"ch score:":8410.5638125083}
