{"trustworthiness": 0.5078305437738165}
{"modularity": 0.7774786876934389}
{"silhouette score":0.47224551}
{"ch score:":18842.9633234929}
{"trustworthiness": 0.5078951546687267}
{"modularity": 0.7710100668335517}
{"silhouette score":0.471525674}
{"ch score:":18319.2045181377}
