{"trustworthiness": 0.9518935441372112}
{"modularity": 0.030787163712454158}
{"silhouette score":0.4592054208}
{"ch score:":19445.9562936626}
{"trustworthiness": 0.9507330817788463}
{"modularity": 0.031367679660344656}
{"silhouette score":0.4592054208}
{"ch score:":19445.9562936626}
{"trustworthiness": 0.9499512225928903}
{"modularity": 0.02995990821669653}
{"silhouette score":0.459306177}
{"ch score:":19472.4409437101}
