{"trustworthiness": 0.5043397416991108}
{"modularity": 0.7765759347719102}
{"silhouette score":0.4633354031}
{"ch score:":19756.5472672336}
{"trustworthiness": 0.5060542423390997}
{"modularity": 0.7789739817784075}
{"silhouette score":0.4633262347}
{"ch score:":19774.4330806458}
{"trustworthiness": 0.507644917667569}
{"modularity": 0.7828397045204948}
{"silhouette score":0.4642105213}
{"ch score:":19779.2637334971}
{"trustworthiness": 0.5073303760668546}
{"modularity": 0.7767719543764324}
{"silhouette score":0.4630258981}
{"ch score:":19697.9363231413}
{"trustworthiness": 0.5051863047407}
{"modularity": 0.7794049225366443}
{"silhouette score":0.4636931598}
{"ch score:":19452.8045298363}
